Site,Plot,Soil_Type,Depth,SBA,TotVolFag,StemBMFag,CarbonFag,CrownBMFag,RootBMFag,TotBMFag,PlotBMFag,Fungi,MCMSite,MCOSite,DBH,Height,CrownBaseHgt,Ilexno,Ilex_Height,Ilex_DBH,Betulano,Taxusno,Fagusno,Fagus50DBH,Fagus80DBH,Vsml,Med,Lrg,Huge,Squirrel,Debarking,IlexJuv,CarbonIlexJuv,FagusJuv,CarbonFagusJuv,BetulaJuv,TotJuv,Ilex snags,CarbonIlexSnags,Snag rot,Snag bark present,DW Decay,DW Bark,SnagTot,SnagFagus,SnagIlex,SnagQuer,Fagus deadwood (m3),Ilex Lying Deadwood (m3),Quercus Lying Deadwood (m3),Birch Lying Deadwood,Lying Deadwood Total (m3),Canopy_openness,COpro ,Under_openness,Canopy Openness Total,Structural Crown Loss (%),Leave Loss,Crown Condition,Discolouration,Condition_unhealthiness,Condition,Undercond,IlexSL,FagusSL,QuerSL,TaxusSL,Other seedlings,TotSL,FagusBrowse,IlexBrowse,Trampling,Hollyshrub,Rubusshrub,IlexEat,Ilex_Eat,RubEat,Sward,CervusDung1,CervusDung2,CervusDung3,CervusDung4,Cervus DungTot,Eqqus Dung1,Eqqus Dung2,Eqqus Dung3,Eqqus Dung4,Eqqus DungTot,LOIO,LOIM,NO3O,NH4O,NO3M,NH4M,PMN.Org,PMN.Min,Bracken,Moss,BareGround,BG.M,Litter,CompTot,CompGF,CompTree,Grass,SBA.PC.Diff,SBA66,CerDungPro,EqqDungPro,DungTot,DungTotPro,Dun,Dung,SBAPC,Sor_sim,LichenRichOth,LichenRichTot,LichenRicHol,LichenRichBeech,CarbonSoil,NitSoil,CNRatioSoil,K,Ca,Mg,Na,Al,Mn,Fe,P,MF_Min,MF_Org,pH,EC,RCAmm,RCNit,Clay,Silt,Sand,Tex_Class,Bulk_Den
BlackBush,1 - Intact,71107,3,63.2,41.20510861,22.66280974,11.33140487,0.468420175,0.870574204,24.00180412,216.016237,11,0,,59.8008454,31.6350738,10.52723059,2,7.8,17.7,0,0,9,6,0,3,1,4,1,0.666666667,0.8,26,,0,,0,26,6,,1,65,2.428571429,0.714285714,6231.965844,0,6231.965844,0,0.293508163,0,0,0,0.293508163,3.25,0.0325,0,3.25,14.375,12.5,2.25,21.25,12.59375,87.40625,80,165,2,0,0,0,2,87.5,22.72727273,5,1,0,0.458333333,45.83333333,NA,0,0,51,37,0,88,0,0,41,9,50,67.51719154,7.088558993,0.01418849,0.001568504,0.043233884,0.022985009,0.928672316,0.031779661,1,1,1,2,100,7,4,3,0,0,0,57,23,138,80,7.95,0.795,0,1,0,41,12,29,2.303014486,0.119804508,19.22310375,0.177138697,0.313668779,0.266170646,0.078874284,4.571811494,0.061732118,0.027646558,3.445,1.218288167,2.133166061,4.27,1117,8.250669045,1.939849624,24,27,49,Sandy Clay Loam,1.387669642
BlackBush,2 - Slight,71107,4.4,47.73,30.89469193,16.99208056,8.49604028,0.680816257,1.205467177,18.87836399,94.39181997,9,0.098691196,,69.72389834,33.17775898,7.198484936,2,1.3,7.25,0,3,5,4,2,1,1,1,2,0.6,2,0,,0,,0,0,1,,2,52.5,2.333333333,54,29699.81688,29579.66824,120.1486402,0,0.361664996,0.029393134,0.061473774,0,0.452531904,8.45,0.0845,0.78,9.23,6,17.5,2,7,8.125,91.875,36,154,0,0,0,0,0,85.71428571,0,5,1,1,0.518518519,51.85185185,37,0,9,346,5,6,360,0,0,0,12,12,43.94826994,8.121015463,0.018342017,0.006083001,0.024762482,0.029092418,0.483757062,0.071798493,0,5,0,5,95,11,7,4,1,24.4778481,18.69,273,3,372,276,27.55,2.755,0.244778481,0.307692308,5,29,2,22,2.502452097,0.114950832,21.76976066,0.104228535,0.207094243,0.199797002,0.080053114,3.59418977,0.017687611,0.031838749,3.64,1.316979363,2.757627391,4.24,68.1,12.35414808,3.654135338,18,31,51,Loam,1.501587611
BlackBush,3 - Moderate,71107,2.68,33.67,20.19533248,11.10743286,5.553716432,0.584135199,1.055204538,12.7467726,50.98709041,7,0.068005548,,65.48,29.61111572,8.043517051,5,1.62,10.68,0,0,4,4,0,0,2,1,1,0.25,1,0,,0,,0,0,1,,2,60,2.923076923,21.53846154,172.2924809,0,172.2924809,0,0.846192081,0.064207282,0,0,0.910399363,22.555,0.22555,0,22.555,15,17.5,2.25,6.666666667,10.35416667,89.64583333,85,141,0,1,0,0,1,100,28.57142857,5,1,1,0.485148515,48.51485149,24.50980392,13,127,0,27,0,154,0,0,0,0,0,71.9422419,6.144644075,0.039026716,0.015639382,0.04250076,0.031644483,1.018126177,0.157721281,1,1,1,2,30,15,12,3,70,46.72446665,32.75,141,0,154,141,14.05,1.405,0.467244667,0.333333333,0,32,13,19,2.617335572,0.162972075,16.06002479,0.117702751,0.734078099,0.563249872,0.053739301,3.210799222,0.153716141,0.009093383,4.4599,1.286293715,2.238901048,4.37,150.9,1.319357716,24.90225564,23,37,40,Loam,1.552986434
BlackBush,4 - Major,71107,3.85,18.1,10.66123941,5.863681674,2.931840837,1.489721043,2.374659156,9.728061873,9.728061873,6,0.006592242,,96,35.33778549,10.07822601,3,,,0,0,1,1,1,0,0,0,1,0,3.33,4,,0,,0,4,3,,2,5,2.166666667,63.46666667,14906.5643,7661.607912,7244.956383,0,2.784405185,0.085449435,0,0,2.86985462,32.955,0.32955,0,32.955,5,10,3,20,9.5,90.5,40.33333333,66,0,0,0,0,0,100,16.66666667,5,1,1,0.421568628,42.15686275,42.15686275,23.5,38,34,105,0,177,0,0,0,0,0,36.52355864,5.727937735,0.017860713,0.000745192,0.069852617,0.051289529,0.740348399,0.063559322,75,1,0,1,25,12,10,2,1,71.36776316,48.32,116,0,177,116,11.6,1.16,0.713677632,0.375,0,28,10,18,2.400419473,0.11763821,20.40510022,0.244409253,0.58866861,0.443119149,0.075114955,3.696296618,0.029561873,0.022589477,3.2431,1.224880409,3.114908345,4.24,80.7,3.424620874,93.83458647,25,26,49,Sandy Clay Loam,1.432708183
BlackBush,5 - Total,71107,4,0,0,0,0.00001,0,0,0,0,2,0.103084549,,NA,NA,NA,10,,,0,1,0,0,0,NA,NA,NA,NA,NA,1.15,0,,0,,0,0,0,,2,5,2.222222222,0,37812.86214,37812.86214,0,0,0.636241627,0,3.00782678,0,3.644068407,53.56,0.5356,14.69,68.25,NA,NA,NA,NA,NA,NA,71.25,137,3,1,0,1,5,100,14.28571429,5,15,25,0.61,61,37,38.8,80,13,0,0,93,0,0,0,17,17,72.6652184,8.818618642,0.029014776,0.016022232,0.022288215,0.039502184,0.575564972,0.16007533,0,30,5,35,20,23,17,6,25,100,66.42,90,4,110,94,9.4,0.94,1,0.24,11,38,17,10,3.057038211,0.168620244,18.12972237,0.131342221,0.970947611,0.400231993,0.046345881,5.331967043,0.105205694,0.033477833,4.2672,1.321372716,1.860359225,4.58,49.9,3.201605709,9.639097744,25,28,47,Loam,1.657783342
Bramshaw,1 - Intact,71107,12.55,62.49,30.47303334,16.76016834,8.380084168,1.770739349,2.756774131,21.28768182,63.86304545,6,0,,103,29.70328855,11.03602064,5,,,0,0,3,3,2,0,0,1,1,0,0.2,2,,0,,0,2,3,,1,63.33333333,NA,NA,2484.446154,0,2484.446154,0,0,0,0,0,0,4.056,0.04056,0,4.056,1.666666667,15,2.666666667,50,17.33333333,82.66666667,75.83333333,0,0,0,0,0,0,100,83.33333333,10,1,0,0.85,85,NA,0,106,236,60,22,424,0,0,11,23,34,37.27100785,7.765412941,0.014478593,0.002712681,0.075883254,0.045420793,0.23555392,0.067169672,0,1,0,1,99,5,1,4,0,0,0,319,11,458,330,32.975,3.2975,0,1,7,35,10,18,3.405896648,0.119959454,28.39206524,0.131422371,0.127497814,0.300370762,0.090576441,3.640537934,0.003039446,0.187906685,3.6464,1.344204273,2.794060635,4.07,114.4,12.69313113,0.045112782,17,26,57,Sandy Loam,1.651447496
Bramshaw,2 - Slight,71107,5.4,48.25,22.44190727,12.343049,6.171524501,0.689815831,1.219294084,14.25215892,71.26079458,18,-0.039278128,,70.1,22.40684761,7.839800371,8,,,1,0,5,3,2,1,1,1,2,0,1.5,22,,1,,0,23,1,,1,50,1.666666667,67.5,815.2477463,0,815.2477463,0,0.268443804,0,0,0,0.268443804,7.384,0.07384,1.144,8.528,12.14285714,22.14285714,2.142857143,22.85714286,14.82142857,85.17857143,44.44444444,4,0,0,0,0,0,100,17.64705882,5,1,1,0.643564356,64.35643564,NA,0,133,253,85,18,489,0,0,6,3,9,44.61053582,5.512117344,0.002554263,0.007229697,0.097222672,0.049214126,0.457305852,0.098454177,1,1,0,1,94,15,11,4,5,22.78694484,18.17,370,4,498,374,37.35,3.735,0.227869448,0.142857143,8,38,9,21,2.398072742,0.12069826,19.86832903,0.123376534,0.17870508,0.190787142,0.045870823,2.785377351,0.076323345,0.022497213,13.9527,1.304926145,3.309594805,4.46,66.5,1.154326494,0.015037594,16,27,57,Sandy Loam,1.387929812
Bramshaw,3 - Moderate,71107,5.25,30.58,17.06321351,9.384767431,4.692383715,1.211450551,1.98608178,12.58229976,25.16459952,11,-0.088023569,,88.24,31.37377683,11.53012136,10,,,0,0,2,2,2,0,0,0,2,0,1.13,36,,0,,0,36,0,,0,0,2.166666667,76.08333333,0,0,0,0,5.675534134,0,0,0,5.675534134,12.532,0.12532,14.456,26.988,5,20,3,40,17,83,66,5,0,0,0,0,0,100,36.38,15,2,1,0.31,31,42.15686275,14,0,120,42,5,167,0,12,69,17,98,50.27012764,4.930661302,0.005753857,0,0.104994861,0.045263192,0.48951049,0.067169672,15,10,1,11,85,14,9,5,12,51.06940622,35.84,112,48,265,160,16,1.6,0.510694062,0.166666667,0,24,11,13,2.606104143,0.111778173,23.31496465,0.070111281,0.091148759,0.122309663,0.036332433,2.872816906,0.006705635,0.018552628,4.439,1.256180704,2.899305581,4.33,54.1,0.190900981,0.345864662,15,23,62,Sandy Loam,1.666909015
Bramshaw,4 - Major,71107,7.5,18.07,9.112433727,5.01183855,2.505919275,0.636571375,1.137104873,6.785514798,13.5710296,11,-0.13679946,,67.83,24.41030441,8.306944825,7,,,0,0,2,2,0,0,1,0,1,1.9,NA,90,,0,,0,90,0,,2,65,1.641025641,82.35897436,21600.81592,21600.81592,0,0,8.247022076,0,0,0,8.247022076,26.52,0.2652,35.36,61.88,16.66666667,30,3,58.33333333,27,73,31.25,122,2,2,0,0,4,100,33.33333333,15,1,1,0.4,40,0,14,0,66,152,0,218,0,0,0,0,0,43.91294797,4.231677548,0.006822427,0.005461555,0.107973488,0.049258807,0.315605447,0.039565697,50,1,1,2,48,11,11,0,1,71.08230816,48.35,126,0,218,126,12.55,1.255,0.710823082,0.142857143,2,38,20,16,2.073325066,0.084671636,24.48665422,0.082468027,0.206719871,0.14684333,0.040664043,1.700836991,0.038895434,0.018174615,6.0416,1.207404813,2.812700273,3.97,85.2,0.552185549,44.33082707,12,23,65,Sandy Loam,1.587473716
Bramshaw,5 - Total,71107,5.9,0,0,0,0.00001,0,0,0,0,8,-0.090450835,,NA,NA,NA,2,,,0,0,0,0,0,NA,NA,NA,NA,NA,1.5,53,,0,,0,53,2,,2,42.5,3,32.67272727,15158.63537,15008.15256,150.4828117,0,16.91066635,0.1186537,0,0,17.02932005,59.904,0.59904,21.84,81.744,NA,NA,NA,NA,NA,NA,90,20,0,2,0,6,8,100,22.22222222,75,5,1,0.55,55,44,148,343,324,138,102,907,0,0,3,10,13,48.03923514,4.496095464,0.015862422,0.005313978,0.120098677,0.062980514,0.487670225,0.05520795,70,2,2,4,50,20,13,7,15,100,66.42,681,4,920,685,68.45,6.845,1,0.117647059,0,18,7,11,2.159292732,0.086815928,24.48665422,0.116407675,0.286500098,0.168932811,0.028795491,1.848258743,0.009081876,0.155844763,5.2392,1.253753438,3.12765566,4.45,81.9,5.458519179,12.57142857,13,23,64,Sandy Loam,1.395975552
Brinken,1 - Intact,84102,2.67,62.28,36.14737133,19.88105423,9.940527117,0.624734668,1.118703509,21.62449241,151.3714469,10,0,,67.31,28.79709674,9.576694312,3,,,0,0,7,5,2,2,3,0,2,0.285714286,1,1,,0,,0,1,1,,2,10,2.277777778,22.22222222,460.3480435,0,460.3480435,0,0.073035746,0.450829044,0.658303095,0,1.182167885,7.738,0.07738,0.104,7.842,0,11.42857143,2.285714286,17.85714286,7.892857144,92.10714286,76.66666667,12,0,0,0,0,0,100,80,15,1,1,0.58,58,56,4,0,29,0,0,29,0,16,95,16,127,74.03694818,5.431924661,0.034446302,0.008759323,0.115312465,0.073655484,0.814041746,0.123339658,1,1,0,1,75,9,6,3,25,0,0,22,64,156,85,8.525,0.8525,0,1,0,27,13,14,2.535028275,0.173516868,14.60969355,0.187920736,0.48553095,0.204385205,0.076809706,2.333740922,0.211903666,0.012615868,5.8638,1.288970974,1.985446504,3.9,240,0.164139161,6.270676692,19,32,49,Loam,1.155812249
Brinken,2 - Slight,84102,3,47.91,22.4876428,12.36820354,6.184101771,0.898353887,1.533227006,14.79978443,59.19913774,14,-0.014833081,,78.1,23.80294476,10.12162963,1,,,0,0,4,3,3,1,0,0,3,0,0,0,,0,,0,0,1,,2,17,2.444444444,28.33333333,252.8294863,0,252.8294863,0,0.606770844,0.058185438,0.018209613,0,0.683165895,13.468,0.13468,0,13.468,5,31.66666667,3,65,26.16666667,73.83333333,70,17,0,1,0,0,1,100,100,10,1,1,0.619047619,61.9047619,0.480392157,9,0,54,0,0,54,0,21,21,30,72,71.01948605,5.216484873,0.005169604,0.001890921,0.141329591,0.069997599,0.445920304,0.071157495,35,0,0,0,50,13,10,3,35,23.06953599,18.51,41,34,126,74,7.425,0.7425,0.23069536,0.8,0,26,3,23,2.44048353,0.127881533,19.08394022,0.125419368,0.364113122,0.218759014,0.078710138,2.309719892,0.156506177,0.018151036,5.247,1.274137893,1.12915031,4.13,99.1,16.21231044,27.96992481,16,27,57,Sandy Loam,1.402967943
Brinken,3 - Moderate,84102,3.23,32,18.50413027,10.17727165,5.088635824,0.77965577,1.355983328,12.31291075,36.93873224,6,-0.043140551,,73.7029624,29.78114785,12.46586443,3,,,2,0,3,3,1,0,2,0,1,0,0.83,10,,4,,1,15,0,,2,50,3,0.625,247.4004215,0,0,0,8.131792882,0.052245668,0.04870254,0,8.232741089,34.424,0.34424,12.792,47.216,5,33.33333333,3,65,26.58333333,73.41666667,55,121,16,0,0,4,20,100,27.27272727,5,1,15,0.38,38,52,13,39,27,8,1,75,0,0,3,1,4,84.26834615,3.733350885,0.011284658,0.001184212,0.243359431,0.104248993,0.684060721,0.006641366,15,10,1,11,1,27,22,5,60,48.62191009,34.42,64,2,79,65,6.525,0.6525,0.486219101,0.444444444,0,41,16,25,1.72994064,0.092876329,18.62628136,0.082125009,0.326694019,0.162524432,0.050787672,2.241402022,0.064633665,0.016223502,3.427,1.245830423,1.951305302,4.7,48.4,0.306868867,1.563909774,16,28,56,Sandy Loam,1.790481078
Brinken,4 - Major,84102,3.2,16.87,9.537446225,5.245595424,2.622797712,0.584570063,1.055887927,6.886053414,13.77210683,7,-0.011443771,,65.5,27.66501166,12.94554162,4,,,0,0,2,2,0,0,0,2,0,0,1.75,0,,0,,0,0,0,,0,0,3,11.2,0,0,0,0,0.334232445,0,1.159285297,0,1.493517742,52.208,0.52208,0,52.208,2.5,25,3,22.5,13.25,86.75,80,30,0,0,0,1,1,NA,100,50,1,5,0.5,50,35,5,0,0,38,2,40,0,0,0,0,0,75.5757936,5.24569533,0.048544687,0.015711042,0.159124345,0.104517071,0.872865275,0.048387097,1,1,1,2,1,27,22,5,99,72.90981867,49.55,20,0,40,20,1.95,0.195,0.729098187,0.484848485,12,33,15,6,1.960669705,0.134805939,14.54438671,0.043593284,0.450454745,0.168760147,0.036796173,2.386396064,0.080739027,0.011435387,4.04,1.277527203,2.034954014,3.99,148,0.008028546,15.56390977,18,27,55,Sandy Loam,1.411822898
Brinken,5 - Total,84102,3.9,0,0,0,0.00002,0,0,0,0,1,0.006933033,,NA,NA,NA,0,0,0,1,0,0,0,0,NA,NA,NA,NA,NA,NA,0,,0,,0,0,0,,3.666666667,3.333333333,3.05,20.25,18745.17978,18745.17978,0,0,7.494839998,0.048800715,0.095386267,0,7.639026979,72.8,0.728,8.424,81.224,NA,NA,NA,NA,NA,NA,95,1,0,0,0,0,0,NA,NA,75,1,5,0.28,28,17,82,0,50,0,0,50,0,0,0,0,0,77.64067906,5.777491373,0.019215807,0.011866905,0.170743805,0.081834997,0.781783681,0.074952562,50,10,1,11,1,31,26,5,50,100,66.42,38,0,50,38,3.75,0.375,1,0.390243902,6,13,0,7,2.298327322,0.16104038,14.27174554,0.082834021,0.728927554,0.237431643,0.062362967,2.064031697,0.055409325,0.010970674,4.851,1.295904007,1.898704762,4.26,138.4,8.228367529,17.72932331,18,31,51,Loam,1.476388108
Brockis Hill,1 - Intact,71108,6.37,66.25,36.31123453,19.97117899,9.985589496,0.673821473,1.194702543,21.83970301,152.8779211,15,0,,69.42951205,27.23285556,13.44500533,0,0,0,0,0,7,5,2,1,1,1,2,0,NA,49,,0,,0,49,0,,2,75,NA,NA,2829.318344,2829.318344,0,0,0,0,0,0,0,1.04,0.0104,0.91,1.95,7.857142857,20,2.142857143,18.57142857,12.14285714,87.85714286,NA,148,0,0,0,0,0,100,20,50,1,0,0.792079208,79.20792079,NA,0,0,0,0,0,0,0,0,11,0,11,31.68096896,8.277298486,0.011510233,0.002115851,0.084989179,0.060703621,0.488804554,0.10710677,0,1,1,2,100,6,3,3,1,0,0,0,6,11,6,0.55,0.055,0,1,0,31,3,28,3.47066908,0.126549333,27.42542378,0.116577198,0.102707279,0.190324922,0.080779908,3.055978756,0.004041279,0.029816253,3.6396,1.265874804,2.877558203,4.41,47.6,14.5396967,2.22556391,16,28,56,Sandy Loam,1.659420505
Brockis Hill,2 - Slight,71108,4.87,49.09,24.99760714,13.74868393,6.874341965,0.344927603,0.666106029,14.75971756,132.8374581,14,0.042814021,,52.70678851,22.75837264,11.42688954,1,,,0,0,9,2,1,3,5,1,1,0,1,65,,0,,0,65,0,,NA,NA,2,74,0,0,0,0,0.052857296,0,1.219631351,0,1.272488648,6.552,0.06552,1.872,8.424,2.222222222,17.77777778,1.777777778,30,12.94444445,87.05555555,75,147,2,0,0,0,2,100,6.67,5,1,0,1,100,NA,0,0,229,1,0,230,0,0,2,0,2,24.12576788,13.24857948,0.001664215,0.006424355,0.084865827,0.035564657,0.381024668,0.090266083,0,1,0,1,100,2,0,2,0,25.90492307,17.33,172,1,232,173,17.325,1.7325,0.259049231,0,0,28,6,22,3.647738933,0.148067057,24.6357226,0.177242384,0.196097412,0.379818929,0.101075039,7.91717878,0.004011575,0.039142169,2.5,1.308688825,2.912374856,3.93,95.1,0.712756467,0,27,27,46,Sandy Clay Loam,1.235240822
Brockis Hill,3 - Moderate,71108,4.55,33.72,27.24895275,14.98692401,7.493462005,0.585076453,1.056683629,16.62868409,66.51473637,8,0.086620709,,65.52327831,41.70449222,12.48471727,0,,,0,0,4,3,1,1,2,1,0,0,NA,0,,0,,0,0,0,,2,50,2.461538462,30,12597.6148,12597.6148,0,0,3.205811206,0,0.157363161,0,3.363174367,15.6,0.156,0,15.6,5,15,2,21.25,10.8125,89.1875,NA,766,0,0,0,0,0,NA,NA,15,20,0,0.26,26,NA,0,0,40,0,0,40,0,0,8,10,18,37.08458114,38.93253977,0,0.017680543,0.081115932,0.047785576,0.442504744,0.160996969,0,5,0,5,95,3,1,2,0,49.10619028,32.7,30,7,58,37,3.65,0.365,0.491061903,0.4,0,23,1,22,2.946679883,0.159996737,18.41712485,0.173913714,0.278374911,0.969234205,0.133133327,10.95811572,0.029716637,0.029087513,2.8704,1.352495513,2.531109327,4.21,68.1,5.904549509,0.015037594,38,28,34,Clay Loam,1.195027775
Brockis Hill,4 - Major,71108,3.77,18.24,7.853431437,4.31938729,2.159693645,0.212763874,0.434912088,4.967063252,24.83531626,9,-0.015255578,,43.10577688,17.7080899,7.81042336,2,,,0,0,5,2,0,1,1,1,2,0.6,0,20,,0,,0,20,1,,1.5,17.5,3.636363636,9.090909091,4532.006322,0,870.9450404,3661.061282,3.088229974,0.052720009,0,0,3.140949983,32.656,0.32656,0,32.656,8,20,2.2,29,14.8,85.2,65,283,0,0,0,0,0,92.308,13.3333,40,5,1,0.617647059,61.76470588,31.37254902,34,0,876,182,0,1058,0,0,0,0,0,36.2371676,31.97744639,0.021051117,0.008986076,0.053754229,0.026634225,0.770398482,0.135399124,20,20,5,25,75,10,8,2,1,72.46692667,48.18,748,0,1058,748,74.8,7.48,0.724669267,0.428571429,3,20,5,12,3.023953019,0.132406637,22.83837951,0.117274985,0.655804247,0.439397727,0.073599455,5.882300771,0.018606885,0.022759614,3.0502,1.250619226,2.455963505,4.23,58.1,0.547725245,0.45112782,27,30,43,Clay Loam,1.545219527
Brockis Hill,5 - Total,71108,3.4,0,0,0,0.00001,0,0,0,0,7,0.024454737,,NA,NA,NA,1,,,0,0,0,0,0,NA,NA,NA,NA,NA,1,76,,0,,0,76,0,,NA,NA,2.818181818,30.60606061,0,0,0,0,11.16928613,0,0,0.010993061,11.18027919,52.52,0.5252,6.89,59.41,NA,NA,NA,NA,NA,NA,85,105,5,0,0,0,5,100,0,15,8,20,0.3786,37.86,22.12,26,91,187,0,0,278,0,0,3,0,11,58.66135007,27.84439934,0.021442679,0.020850266,0.087652123,0.05391867,0.936622391,0.12596834,0,2,1,3,30,20,17,3,25,100,66.42,231,2,289,233,23.275,2.3275,1,0.214285714,2,18,15,1,2.501424065,0.157952185,15.83659049,0.191801161,0.839206789,0.437172621,0.053605015,9.051505,0.178503975,0.018512637,2.5,1.290329541,2.42094758,4.03,107.2,0,0,39,26,35,Clay Loam,1.387694344
DennyWood,1 - Intact,71107,4.5,61.76,38.29058773,21.05982325,10.52991163,0.267091803,0.531907792,21.85882285,306.0235199,13,0,,47.4,28.05452386,18.65137188,4,,,0,0,14,4,2,7,5,0,2,0.066666667,2.25,0,,1,,0,1,1,,,,,,494.452517,0,494.452517,0,0.548584493,0.064325131,0,0,0.612909624,1.612,0.01612,0,1.612,18.57142857,9.642857143,1.928571429,9.285714286,9.857142857,90.14285714,55,1,0,0,0,0,0,95.23809524,55.55555556,15,0,0,1,100,NA,0,0,19,15,6,40,0,0,5,0,5,39.71781547,59.74752021,0.048874292,0.01712187,0.087611261,0.065071279,0.539077213,0.086492455,0,1,1,2,100,3,1,2,0,0,0,23,3,45,26,2.575,0.2575,0,1,0,48,8,40,2.375210748,0.121808387,19.49956649,0.068194854,0.307920551,0.273492155,0.069126138,3.144230484,0.022680568,0.015244551,6.8794,1.267206127,2.304867225,3.77,1160,0,0,17,30,53,Sandy Loam,1.112519408
DennyWood,2 - Slight,71107,3.57,49.87,26.94905035,14.82197769,7.410988847,0.248677344,0.499382136,15.57003717,186.8404461,8,0.910919472,,46.01,23.69463099,15.6643976,1,,,0,0,12,4,0,8,1,2,1,0.3,1,1,,0,,0,1,1,,1,90,3.464285714,32.03571429,802.7407451,0,802.7407451,0,4.609805102,0.055857892,0,0,4.665662994,6.188,0.06188,0.624,6.812,6.538461538,11.66666667,2.166666667,16.66666667,9.259615386,90.74038461,70,0,0,0,0,0,0,83.33333333,33.33333333,15,1,1,1,100,NA,0.8,3,123,13,4,143,0,55,0,0,55,37.22258969,30.54578799,0.029070293,0.008356137,0.103775897,0.089249386,0.55673258,0.09201325,1,5,1,6,60,12,8,4,30,19.24636584,16.55,103,41,198,144,14.4,1.44,0.192463658,0.181818182,1,28,4,23,2.727803605,0.163775877,16.65571059,0.074897205,0.594134741,0.187355284,0.083831455,3.223294723,0.12497485,0.012055396,6.8848,1.85743817,1.827904862,4,139,2.256021409,19.14285714,17,32,51,Loam,1.066263338
DennyWood,3 - Moderate,71107,3.97,35.28,24.70887234,13.58987979,6.794939895,0.377664658,0.721200429,14.68874488,88.13246926,10,0.075034926,,54.72,33.45965719,15.6643976,0,0,0,0,0,6,3,1,2,4,0,1,0.3,0,0,,0,,0,0,0,,2,80,2.545454545,24.06818182,38347.22447,38347.22447,0,0,9.323252467,0,0.744948626,0,10.06820109,31.668,0.31668,0,31.668,9.166666667,20.83333333,2.166666667,19.16666667,12.83333333,87.16666667,NA,26,0,0,0,0,0,100,NA,10,1,1,0.34,34,32,0,0,0,0,0,0,0,0,60,11,71,41.36766322,41.82594853,0.003794784,8.95E-18,0.130866207,0.067415294,0.747410546,0.221751932,0,20,1,21,60,13,10,3,20,42.86971092,31.14,0,33,71,33,3.275,0.3275,0.428697109,0.142857143,0,39,0,39,2.923041775,0.133763411,21.85232683,0.050556401,1.04210784,0.216115452,0.071819055,2.52521972,0.01747515,0.015115972,3.838,1.330625046,2.249765051,4.01,121,6.983942908,1.578947368,15,27,58,Sandy Loam,1.096977383
DennyWood,4 - Major,71107,4.2,17.35,8.531728548,4.692450701,2.346225351,0.370190841,0.708684755,5.771326297,17.31397889,2,0.004972835,,54.27,21.98398712,14.70256615,0,0,0,0,0,3,1,1,1,1,0,1,0.333333333,NA,0,,0,,0,0,0,,2,67.5,3.342857143,21.14285714,34368.86301,34368.86301,0,0,6.48956189,0,0.009503318,0,6.499065208,57.2,0.572,3.614,60.814,33.33333333,57.5,3,5,24.70833333,75.29166667,NA,8,0,0,0,0,0,100,NA,5,0,1,0,0,28,14,162,654,93,56,965,0,0,0,2,2,51.51544995,6.906463332,0.039806835,0.025802412,0.140581624,0.044954495,0.666195857,0.149061465,1,5,1,6,10,20,17,3,80,71.90543565,49.07,713,1,967,714,71.35,7.135,0.719054357,0.086956522,0,35,0,35,2.336448149,0.106099387,22.02131613,0.112855673,0.558254148,0.242983067,0.050180393,2.60752103,0.036895572,0.014624197,3.0264,1.260562955,2.202644882,4.16,118,2.095450491,9.518796992,20,31,49,Loam,1.422208104
DennyWood,5 - Total,71107,5.6,0,0,0,0.00002,0,0,0,0,5,-0.003241948,,NA,NA,NA,0,0,0,0,0,0,0,0,NA,NA,NA,NA,NA,NA,0,,0,,0,0,0,,NA,NA,3.142857143,0,0,0,0,0,0,0,0.271729753,0,0.271729753,71.344,0.71344,1.976,73.32,NA,NA,NA,NA,NA,NA,0,18,0,1,0,5,6,100,50,5,1,5,0.306818182,30.68181818,26,38,0,120,10,0,130,0,0,0,0,0,31.13358698,5.510331959,0.010713425,0.00045368,0.104017831,0.063073687,0.450800377,0.120537357,1,1,1,2,2,28,23,5,70,100,66.42,95,0,130,95,9.5,0.95,1,0.064516129,10,15,0,5,2.098653771,0.101478216,20.68083045,0.036865087,0.854451096,0.211627006,0.050359462,2.650221882,0.032960701,0.021732608,8.4915,1.252348172,1.587882656,4.5,59.9,1.0435,15.6265946,17,28,55,Sandy Loam,1.513992799
Eyeworth,1 - Intact,71107,6.65,64.33,35.88086726,19.73447699,9.867238497,0.55236399,1.005076587,21.29191757,170.3353406,16,0,,63.99383759,26.95245546,15.75392403,6,6.640595693,,0,0,8,6,1,1,1,5,1,0.142857143,2.5,0,,0,,0,0,1,,3,55,2.444444444,0,415.232155,0,415.232155,0,2.247379342,0,0,0,2.247379342,1.625,0.01625,0.52,2.145,5.625,11.25,1.625,7.75,6.5625,93.4375,80,12,0,0,0,0,0,NA,39,5,0,0,0.788819876,78.88198758,NA,0,0,0,0,0,0,0,0,63,23,86,45.31119549,5.299712059,0.013786327,0.008300255,0.038272224,0.02393667,0.374705288,0.056416302,0,1,0,1,100,6,2,4,0,0,0,0,37,86,37,3.725,0.3725,0,1,2,28,13,13,2.486230558,0.137770883,18.04612489,0.148173032,0.324474695,0.270885708,0.076825818,3.864356725,0.026716359,0.137812271,5.4692,1.251235019,3.015758775,4.86,136.4,,,26,33,41,Loam,1.415038531
Eyeworth,2 - Slight,64303,4.97,51.52,23.7397473,13.05686102,6.528430508,0.747411847,1.307195562,15.11146842,75.55734212,9,0.077573251,,72.44,22.46037955,16.07361392,8,8.447048027,,0,0,5,4,1,0,2,2,1,0.2,0.36,0,,0,,0,0,0,,2,0,2.451612903,19.35483871,141.4403918,141.4403918,0,0,3.556438906,0,0,0,3.556438906,9.62,0.0962,11.96,21.58,17,15,2.6,29.2,15.95,84.05,86.36363636,22,2,0,1,1,4,81.81818182,27.27272727,15,1,1,0.509615385,50.96153846,21.50537634,2,0,50,35,0,85,0,0,108,5,113,54.53687985,7.762429458,0.012507825,0.007087543,0.077080064,0.043862228,0.412596834,0.10441226,1,1,1,2,95,17,12,5,5,19.91392996,14.9,55,55,198,110,11.025,1.1025,0.1991393,0.222222222,6,30,14,10,3.371411566,0.183600812,18.36272685,0.108363833,0.724311444,0.272592918,0.060457237,3.567060324,0.23260299,0.025955428,6.2895,1.32880827,2.575140306,4.9,111.6,,,22,35,43,Loam,1.528844907
Eyeworth,3 - Moderate,71107,9.4,35.09,21.65331676,11.90932422,5.95466211,0.375163332,0.717015676,13.00150323,78.00901937,9,0.130152816,,54.57,28.88018254,14.11929709,4,5.182872431,,0,0,6,3,1,3,0,2,1,0.166666667,0,0,,0,,0,0,0,,1,90,1.291666667,80.83333333,4772.543184,0,0,0,2.961820669,0,0.050451347,0,3.012272016,24.765,0.24765,13.26,38.025,52.5,37.5,2.6,21.16666667,28.44166667,71.55833333,65,25,1,0,0,0,1,75,62.5,10,0,0,0.61682243,61.68224299,40.18691589,0,0,183,4,0,187,0,0,56,8,64,68.37607549,9.836147013,0.026951949,0.01081787,0.092065997,0.041753949,0.287133715,0.114516672,1,0,1,1,98,10,7,3,1,45.45586629,31.33,139,30,251,169,16.925,1.6925,0.454558663,0.363636364,9,37,12,16,3.398253952,0.215815039,15.74614062,0.222124565,1.15237511,0.535089708,0.055818544,4.674477853,0.110911123,0.027053945,6.72,1.381387835,2.143904994,4.4,60.1,,,30,29,41,Clay Loam,1.309537834
Eyeworth,4 - Major,71107,3.57,16.15,7.197952098,3.958873654,1.979436827,1.295955386,2.105298674,7.360127714,7.360127714,9,0.059280975,,90.7,24.27970781,14.63624746,1,6.396089944,,0,0,1,1,1,0,0,0,1,0,0,0,,0,,0,0,1,,3,5,2.971428571,16.28571429,107.2919341,0,107.2919341,0,11.18765059,0.027897343,0.076403533,0,11.29195147,49.79,0.4979,6.11,55.9,10,20,4,0,8.5,91.5,75,196,23,2,0,6,31,80,50,5,5,1,0.63,63,37,14,0,76,0,0,76,0,0,0,0,0,69.60768397,6.23168092,0.02927576,0.005000252,0.047936501,0.027304316,0.400808353,0.097675985,0,10,1,11,40,32,25,7,70,74.88990953,50.27,57,0,76,57,5.7,0.57,0.748899095,0.121212121,4,18,6,8,2.393665551,0.156608212,15.28441911,0.111758985,0.724254996,0.272824029,0.056685514,3.971597484,0.047907693,0.021413462,4.4626,1.310515994,2.18010986,4.62,53.1,,,27,36,37,Clay Loam,1.400598702
Eyeworth,5 - Total,71107,7.37,0,0,0,0.00001,0,0,0,0,6,0.087290485,,NA,NA,NA,38,5.226533581,,3,0,0,0,0,NA,NA,NA,NA,NA,0.55,11,,0,,0,11,0,,2,36.66666667,2.15,9,1195.271285,1195.271285,0,0,3.207960003,0,0,0,3.207960003,54.21,0.5421,35.88,90.09,NA,NA,NA,NA,NA,NA,95,45,6,0,0,3,9,100,20,10,,,0.572727273,57.27272727,25,94,2,4,19,0,25,0,0,0,0,0,50.94890592,7.022509349,0.024909173,0.01519688,0.184972505,0.031519366,0.409228697,0.086729539,90,1,1,2,20,18,15,3,10,100,66.42,15,0,25,15,1.45,0.145,1,0.2,26,55,26,3,2.640562821,0.166823808,15.82845306,0.151182363,0.338536104,0.319514961,0.060746973,4.630382222,0.011632896,0.021747308,3.4476,1.338525504,3.487284254,4.43,70.1,,,28,38,34,Clay Loam,1.327506562
JamesHill,1 - Intact,71107,5.85,61.16,44.4562199,24.45092094,12.22546047,0.449605593,0.839974689,25.74050123,231.664511,5,0,,58.8,35.69318869,10.15915697,9,,,0,0,9,7,1,1,3,4,1,0.111111111,0.5,24,,0,,0,24,1,,1,5,3.066666667,2.333333333,460.8465095,0,460.8465095,0,0.526982022,0.03540821,0,0,0.562390232,1.768,0.01768,0.312,2.08,4.444444444,18.88888889,2.111111111,21.66666667,11.77777778,88.22222222,74.44444444,20,0,0,0,0,0,100,75.86206897,5,1,0,0.58,58,NA,0,0,0,0,0,0,0,11,0,0,11,46.49282979,4.90671196,0.010939743,0.004644076,0.053943347,0.016590452,0.744918699,0.055894309,1,1,0,1,100,5,2,3,0,0,0,0,8,11,8,0.825,0.0825,0,1,0,30,9,21,2.382912301,0.089908609,26.50371668,0.107080851,0.429682806,0.238188085,0.072657046,3.090847769,0.017799118,0.028289623,3.2301,1.207244697,2.589072551,4.15,79.4,7.652988403,6.992481203,22,29,49,Loam,1.588702635
JamesHill,2 - Slight,71107,5.25,49.6,32.09740241,17.65357133,8.826785664,0.246996092,0.496395569,18.39696299,220.7635559,6,0.134644195,,45.88,29.29531322,11.43866434,1,,,0,0,12,5,0,6,4,2,0,0.083333333,0.33,24,,0,,0,24,0,,2.333333333,41.66666667,3,18,4560.311401,4560.311401,0,0,0.134840429,0,0.622320707,0,0.757161136,8.996,0.08996,1.04,10.036,11.25,11.25,1.583333333,17.08333333,10.29166667,89.70833333,0,160,0,0,0,0,0,100,40,5,15,0,0.455445545,45.54455446,NA,0,0,42,0,0,42,0,16,4,0,20,52.6754275,6.617056027,0.00614015,0.005585529,0.059457373,0.025392414,0.697154472,0.118902439,0,2,1,3,98,5,2,3,1,18.89559018,16.82,32,14,62,46,4.55,0.455,0.188955902,0.4,0,34,6,28,2.176574023,0.114693032,18.97738673,0.144958137,1.333067728,0.617016524,0.089141748,4.504920824,0.077079999,0.040412194,3.248,1.339845884,2.491146454,4.97,101.4,6.836752899,11.08270677,26,28,46,Loam,1.440935555
JamesHill,3 - Moderate,71107,4.75,32.23,20.03182525,11.01750389,5.508751943,0.422274491,0.795195781,12.23497416,61.17487078,8,0.050093219,,57.3,29.52322693,8.002535663,2,,,0,0,5,3,0,1,2,1,1,0.8,0.5,22,,0,,0,22,2,,1,70,3,30.44444444,1093.430799,0,1093.430799,0,3.329973937,0,0.088760464,0,3.418734402,14.04,0.1404,2.6,16.64,29.28571429,22.85714286,2.857142857,22.14285714,19.28571429,80.71428571,80,221,0,0,0,0,0,100,40,10,15,1,0.4,40,35,28,0,0,0,0,0,0,0,0,0,0,66.53767037,5.184853659,0.041086135,0.00327031,0.066705123,0.030551387,0.558943089,0.114837398,10,5,1,6,95,10,6,4,1,47.30295985,34.19,0,0,0,0,0,0,0.473029599,0.363636364,9,35,9,17,1.746369104,0.078117887,22.35555986,0.085259235,0.606724336,0.318594774,0.06786199,3.723188531,0.041566805,0.016461064,3.24,1.256179913,2.083653991,4.5,48.4,4.575379126,8.691729323,23,31,46,Loam,1.477164722
JamesHill,4 - Major,71107,4.98,18.09,11.59946582,6.379706201,3.189853101,0.637487425,1.138526933,8.155720559,16.31144112,2,0.132048969,,67.87,32.46203606,11.42823787,4,,,0,0,2,2,0,0,0,2,0,0.061773444,0.75,40,,0,,0,40,0,,NA,NA,2.296296296,70.85185185,0,0,0,0,3.18603704,0.01045365,0,0,3.196490689,27.56,0.2756,8.008,35.568,7.5,15,2.5,30,13.75,86.25,NA,95,1,0,0,0,1,100,12.5,5,20,1,0.48,48,18,0,0,0,0,0,0,0,0,63,0,63,73.36557345,4.176879412,0.04880109,0.005879078,0.072260414,0.022113204,0.580284553,0.114837398,0,1,1,2,88,13,8,5,12,70.42742731,48.33,0,32,63,32,3.15,0.315,0.704274273,0.166666667,0,23,6,17,2.210190658,0.107432658,20.57280064,0.137200766,0.989642511,0.41403727,0.060658397,4.377098134,0.125120627,0.022372817,3.4528,1.267256742,1.872906691,4.8,59.4,3.98661909,71.87969925,26,32,42,Loam,1.716619241
JamesHill,5 - Total,71107,4.6,0,0,0,0.00002,0,0,0,0,2,-0.012610532,,NA,NA,NA,2,,,0,0,0,0,0,NA,NA,NA,NA,NA,3.5,9,,0,,0,9,1,,1,60,1.652173913,72.56521739,675.9136594,0,675.9136594,0,11.57503832,0,0,0,11.57503832,54.99,0.5499,5.304,60.294,NA,NA,NA,NA,NA,NA,50,64,2,0,0,2,4,71.42857143,30,20,2,15,0.699029126,69.90291262,52,26,0,0,0,0,0,0,0,0,0,0,82.3300531,2.394013248,0.017105745,0.007540924,0.037676843,0.015451586,0.463414634,0.058943089,0,20,5,25,0,24,18,6,40,100,66.42,0,0,0,0,0,0,1,0.090909091,0,11,3,8,1.196244776,0.049815386,24.01356024,0.086102717,0.437295322,0.115208356,0.030449533,1.666792811,0.033283899,0.009749342,3.2207,1.193778161,1.868473561,3.95,3000.23,2.693131133,1.92481203,13,25,62,Sandy Loam,1.513267858
Malwood,1 - Intact,71108,10.35,65.02,35.37212233,19.45466728,9.727333641,0.658541867,1.171132604,21.28434175,148.9903923,13,0,,68.78,26.88999773,8.125123348,16,7.771875997,,0,0,7,6,2,1,1,2,3,0,3.29,14,,0,,0,14,6,,1,85,3.375,3.125,5560.979433,0,5560.979433,0,3.409629124,0.087630015,0,0,3.497259139,2.392,0.02392,3.224,5.616,7.857142857,10,2.571428571,8,7.107142857,92.89285714,48.82352941,5,0,0,0,0,0,NA,65,5,1,0,0.881188119,88.11881188,NA,0,178,341,10,0,529,0,50,13,0,63,86.96949312,13.86769157,0.009269614,0.016368629,0.126791386,0.112338878,0.529661017,0.225988701,0,1,1,2,99,7,5,2,1,0,0,439,44,592,483,48.275,4.8275,0,1,0,32,11,21,4.488879582,0.178021277,25.21541049,0.259974508,0.673954165,0.462772567,0.118776925,4.043737847,0.012426196,0.066374641,4.056,1.362397823,3.180190718,4.09,108.7,2.670829616,4.240601504,23,32,45,Loam,1.510149602
Malwood,2 - Slight,71108,3.1,49.88,39.71068317,21.84087574,10.92043787,0.718488249,1.26317787,23.82254186,119.1127093,15,-0.120011488,,71.27897306,42.4079161,8.433343329,12,5.680132462,,2,0,5,4,2,1,0,2,2,0.75,2.2,20,,3,,1,24,1,,1,65,2.923076923,8.076923077,1379.498509,0,1379.498509,0,4.489171152,0.069316205,0,0,4.558487357,6.136,0.06136,6.968,13.104,6,8,1.8,9,6.2,93.8,65.3125,113,0,0,0,0,0,100,25,5,1,1,0.32,32,28.43137255,17,0,130,0,0,130,0,23,0,0,23,72.92681294,9.751133765,0.007275373,0.011158908,0.103198902,0.131156032,0.754472693,0.235404896,1,1,1,2,95,11,8,3,5,23.28064075,16.54,98,17,153,115,11.475,1.1475,0.232806408,0.555555556,0,24,9,15,2.33146526,0.116283611,20.04981819,0.115573417,0.384352815,0.261229256,0.093042868,4.764976584,0.051835082,0.01783996,2.6394,1.353350232,2.028010314,4.55,58.9,2.804638715,1.669172932,21,38,41,Loam,1.462669224
Malwood,3 - Moderate,71108,3.43,33.19,13.31862839,7.325245616,3.662622808,0.815319429,1.409614401,9.550179445,28.65053834,12,-0.035955207,,75.06390611,19.17415868,9.57769334,4,6.191980952,,0,0,3,2,2,1,0,0,2,0,1.25,3,,0,,0,3,1,,1,10,2.916666667,41.25,432.8737686,0,432.8737686,0,8.871910773,0,0,0,8.871910773,18.2,0.182,10.712,28.912,10,18.33333333,2.333333333,28.33333333,14.75,85.25,58.75,150,10,2,0,3,15,100,42.10526316,15,1,1,0.72,72,43.56435644,6,111,188,20,0,319,0,0,9,16,25,75.49043163,9.485083032,0.025309002,0.008101301,0.131244204,0.129263552,0.6826742,0.205979284,5,5,5,10,70,28,23,5,20,48.95000905,33.23,262,9,344,271,27.05,2.705,0.489500091,0.285714286,0,42,10,32,3.696657333,0.198201837,18.65097417,0.139093615,0.622705987,0.302453993,0.08024036,4.257323048,0.069177775,0.053343389,5.0694,1.332889036,2.821953654,4.42,89.8,6.163247101,41.92481203,24,38,38,Loam,1.225149951
Malwood,4 - Major,71108,3.1,17.11,10.84572168,5.965146927,2.982573463,0.595849059,1.073587865,7.634583851,15.2691677,7,-0.139537512,,66.01564209,31.68011801,8.930452184,5,7.15635661,,0,0,2,2,0,0,1,0,1,0,1.33,4,,0,,0,4,0,,2,90,1.627659574,86.58510638,10173.9843,10173.9843,0,0,11.66349492,0.367023871,0,0,12.03051879,38.064,0.38064,8.424,46.488,25,17.5,2,40,21.125,78.875,51.42857143,86,0,1,0,4,5,100,58.82352941,10,1,1,0.47,47,40.59405941,20,0,106,2,0,108,0,0,20,0,20,71.05287817,6.898159918,0.015321464,0.010049077,0.141239767,0.085660823,0.778013183,0.154190207,20,20,2,22,50,31,25,6,15,73.67697516,49.31,81,10,128,91,9.05,0.905,0.736769752,0.256410256,0,16,8,8,2.149088943,0.116118597,18.5077068,0.085727857,0.474139758,0.194956501,0.03971512,3.509623574,0.094369075,0.017265259,3.4335,1.319615502,1.952392126,4.05,111.5,1.065120428,4.255639098,20,35,45,Loam,1.529966792
Malwood,5 - Total,71108,4.83,0,0,0,0.00003,0,0,0,0,5,-0.066472942,,NA,NA,NA,4,7.592450594,,0,0,0,0,0,NA,NA,NA,NA,NA,1,34,,0,,0,34,0,,2,90,2.58,72,652.6658738,652.6658738,0,0,10.43797165,0.047959082,0,0,10.48593073,47.06,0.4706,23.192,70.252,NA,NA,NA,NA,NA,NA,73.75,178,29,0,0,29,58,100,21.42857143,15,1,10,0.53,53,22,3,244,0,0,0,74,0,0,6,0,2,74.0928447,34.20704608,0.012461766,0.010216818,0.085837112,0.100326778,0.602636535,0.138888889,25,25,10,35,15,25,18,7,10,100,66.42,244,3,76,247,24.7,2.47,1,0.333333333,0,22,16,6,2.394991959,0.107536013,22.27153384,0.087088857,0.545984413,0.480068088,0.068658496,7.280055308,0.042874157,0.019330809,2.5,1.295631091,3.087749035,4.39,44.7,0.592328278,42.70676692,27,34,39,Clay Loam,1.461695054
MarkAsh,1 - Intact,57210,4.2,66.16,58.71974228,32.29585825,16.14792913,0.811964149,1.404583083,34.51240548,207.0744329,17,0,,74.93740721,48.96365556,14.16072825,0,0,0,0,0,6,6,2,0,1,2,4,0,NA,0,,0,,0,0,0,,NA,NA,2,0,0,0,0,0,0,0,0.045319359,0,0.045319359,1.82,0.0182,0,1.82,0.833333333,15,2.166666667,19.16666667,9.291666668,90.70833333,NA,21,1,0,1,1,3,94.11764706,NA,10,1,0,0,0,NA,0,0,51,0,0,51,0,0,6,0,6,75.28159986,4.693498407,0.006969238,0.000768801,0.083493908,0.025775829,0.659392789,0.056166983,0,5,0,5,95,8,4,4,1,0,0,38,3,57,41,4.125,0.4125,0,1,0,33,0,33,1.921440116,0.067165691,28.60746454,0.096927991,0.409270015,0.204151381,0.047296102,3.379043633,0.035061538,0.035680195,3.4314,1.241198785,3.213592777,4.44,1712,9.771632471,25.20300752,23,43,34,Loam,1.246051368
MarkAsh,2 - Slight,64303,4.87,50.86,33.09297083,18.20113396,9.100566978,0.966702207,1.633763879,20.80160004,83.20640017,10,0.019531216,,80.47515144,35.66481859,14.62297194,1,,,0,0,4,3,2,1,0,1,1,0,3,3,,0,,0,3,0,,NA,NA,3.666666667,1.666666667,0,0,0,0,6.811484953,0.182421813,0,0,6.993906766,12.09,0.1209,0,12.09,2.5,16.25,2.5,25,11.5625,88.4375,80,101,1,0,0,2,3,92.30769231,60,10,1,1,0.32,32,15,30,0,32,0,0,32,0,0,16,0,16,69.78853971,4.239196874,0.015296157,0.015290339,0.107114477,0.05078812,0.629032258,0.097912713,45,5,1,6,95,13,8,5,1,23.11616804,15.56,24,8,48,32,3.2,0.32,0.23116168,0.588235294,0,29,4,25,2.40058147,0.105068705,22.84773062,0.107753427,0.419783544,0.183680446,0.065613673,3.027838167,0.075263672,0.063986164,3.8416,1.259870272,2.188932809,5.01,1295,13.92863515,55.63909774,18,39,43,Loam,1.277879276
MarkAsh,3 - Moderate,57210,6.1,33.19,23.01504432,12.65827438,6.329137189,0.815215698,1.409458898,14.88294898,44.64884693,10,0.005770432,,75.06,37.09670737,12.56546847,0,0,0,0,0,3,3,1,0,1,0,2,0.333333333,NA,0,,0,,0,0,0,,5,0,2.277777778,73.05555556,3248.930403,3248.930403,0,0,6.664488458,0,0,0,6.664488458,34.008,0.34008,0,34.008,5,25,2.666666667,13.33333333,11.5,88.5,NA,14,3,0,0,1,4,100,NA,10,1,1,0.16,16,55.88235294,4,0,12,61,8,81,0,0,0,0,0,71.91412811,4.436339065,0.005752515,0.01170242,0.049051872,0.02319517,0.331119545,0.088045541,30,25,0,25,70,19,13,6,10,49.83054691,33.23,42,0,81,42,4.15,0.415,0.498305469,0.454545455,0,17,0,17,2.176269213,0.08227719,26.45045614,0.114942814,0.304964891,0.160779667,0.072528778,3.750718562,0.127705962,0.070518058,3.4317,1.245103241,2.652548284,5,105.3,3.991079393,0.165413534,21,35,44,Loam,1.414717104
MarkAsh,4 - Major,57210,5.43,17.8,7.606527532,4.183590142,2.091795071,1.45943705,2.332902556,7.975929749,7.975929749,4,0.20585847,,95.2,23.8,10.76493905,0,0,0,1,0,1,1,1,0,0,0,1,0,NA,0,,0,,0,0,0,,NA,NA,3.5,6.25,0,0,0,0,10.80490328,0,0,0,10.80490328,56.875,0.56875,0,56.875,10,20,3,60,23.25,76.75,90,4,7,0,0,4,11,NA,NA,0,0,1,1,100,18.62745098,100,0,0,0,0,0,0,0,0,0,0,72.85362152,5.328125717,0.016796145,0.014523907,0.044767689,0.026567775,0.369070209,0.095635674,98,0,0,0,98,7,4,3,1,73.10166978,48.62,0,0,0,0,0,0,0.731016698,0.666666667,0,29,0,29,1.727152894,0.07457125,23.16110948,0.08674855,0.452932175,0.151747768,0.059454518,0.583036952,0.064308173,0.00793047,3.616,1.246739376,2.24851605,4.16,95.3,14.98126673,88.18045113,8,16,76,Sandy Loam,1.023401232
MarkAsh,5 - Total,64303,5.03,0,0,0,0.00001,0,0,0,0,1,0.005893102,,NA,NA,NA,1,,,0,0,0,0,0,NA,NA,NA,NA,NA,0,0,,0,,0,0,1,,1,50,3.818181818,11.81818182,4860.200354,0,4860.200354,0,27.45790757,0,0,0,27.45790757,58.24,0.5824,22.88,81.12,NA,NA,NA,NA,NA,NA,85,1,2,0,0,0,2,NA,66.667,5,1,1,1,100,17.64705882,140,0,0,0,0,0,0,0,0,0,0,70.8710829,4.391154523,0.034846806,0.006589849,0.146683727,0.02791317,0.6,0.128273245,90,0,1,1,10,8,6,2,1,100,66.42,0,0,0,0,0,0,1,0.714285714,0,19,11,8,2.602171668,0.100980737,25.76899078,0.086865696,0.747006025,0.195853163,0.056055242,1.878207956,0.059754982,0.039615168,4.4409,1.246365303,2.295464221,3.83,1596,7.510258698,41.62406015,15,26,59,Sandy Loam,1.591782571
Ridley,1 - Intact,71107,6.65,66.12,37.18022031,20.44912117,10.22456059,0.571179665,1.034811513,22.05511235,176.4408988,16,0,,64.88,27.34860591,14.82802907,3,,,0,0,8,4,2,4,0,1,3,0.25,4,0,,0,,0,0,0,,2,5,NA,NA,5806.461549,0,0,5806.461549,0,0,0,0,0,1.365,0.01365,0,1.365,7.222222222,15,2.222222222,7.777777778,8.055555556,91.94444444,70,50,0,0,0,0,0,100,100,5,1,0,0.504854369,50.48543689,0,0,0,63,0,0,63,0,0,160,0,160,78.22750484,8.682628297,0.012689923,0.024046297,0.072282815,0.042585685,0.250084203,0.074099023,1,1,0,1,100,9,5,4,0,0,0,47,80,223,127,12.725,1.2725,0,1,10,30,3,17,3.215491216,0.164964908,19.49197106,0.153881314,0.104507706,0.270704546,0.10600451,3.718913948,0.012476219,0.023231317,3.4402,1.324644706,3.276307793,4.05,88.9,1.033898305,0,15,28,57,Sandy Loam,1.562178342
Ridley,2 - Slight,71107,4.97,50.07,23.32856628,12.83071146,6.415355728,0.721718147,1.268105595,14.8205352,74.10267599,14,-0.045579976,,71.41,22.63137973,0,3,,,0,0,5,5,1,0,1,2,2,0.2,2.67,0,,0,,0,0,2,,1,95,3.8,0,2399.555014,0,2399.555014,0,2.652941766,0,1.916690087,0,4.569631853,8.97,0.0897,3.25,12.22,8,25,2.2,10.4,11.4,88.6,73.33333333,163,43,1,0,6,50,100,83.33333333,20,5,30,0.156862745,15.68627451,3.80952381,4,0,189,0,0,189,0,40,371,10,421,74.53411374,7.59491811,0.02042665,0.012671841,0.129732218,0.058614991,0.435331762,0.030313237,40,1,1,2,80,17,10,7,5,24.27794361,16.35,142,218,610,360,35.975,3.5975,0.242779436,0.444444444,5,55,14,36,2.856459142,0.15309085,18.65858829,0.147732138,0.443149397,0.32070502,0.10223188,2.507035144,0.052905303,0.031510388,5.6571,1.27906473,2.762461295,4.16,108.3,16.17662801,7.413533835,14,27,59,Sandy Loam,1.444490352
Ridley,3 - Moderate,71107,9.4,32.58,23.24707532,12.78589143,6.392945713,0.797016051,1.382132137,14.96503961,44.89511884,12,-0.085189608,,74.37,38.16415176,8.513099671,5,,,0,0,3,2,1,1,0,1,0,0,3.6,1,,0,,0,1,13,,2.230769231,30.07692308,2.416666667,37.86904762,2454.046357,0,2454.046357,0,6.207394874,0.12959742,0,0,6.336992294,26.715,0.26715,0,26.715,20,20,2,10.25,13.0625,86.9375,60,406,2,3,0,0,5,NA,60,5,2,25,0.523809524,52.38095238,51,5,0,268,0,0,268,0,0,18,5,23,68.9163053,4.486897619,0.046581416,0.017530948,0.085275724,0.085635079,0.363758841,0.033681374,1,15,2,17,15,24,20,4,1,50.73310282,33.84,201,10,291,211,21.125,2.1125,0.507331028,0.387096774,6,41,10,25,2.167979409,0.100014187,21.67671883,0.102921546,0.347837379,0.263466077,0.051233606,1.572232969,0.040617743,0.012214229,4.0284,1.239455098,2.939804973,3.95,101.2,6.087421945,39.21804511,13,25,62,Sandy Loam,1.898870755
Ridley,4 - Major,71107,3.93,13.65,8.529831278,4.691407203,2.345703601,0.452768584,0.845131442,5.989307228,11.97861446,9,-0.096442752,,58.97,29.96149637,0,4,,,1,0,2,1,1,1,0,0,2,1,3,1,,0,,0,1,0,,NA,NA,3.6875,0,0,0,0,0,4.578138254,0,0.973364691,0,5.551502946,21.32,0.2132,25.74,47.06,5,27.5,2.5,85,30,70,64.28571429,28,4,13,0,4,21,100,40,7.5,1,15,0.373134328,37.31343284,55.17241379,40,0,48,0,0,48,0,0,0,0,0,70.81825491,4.081615572,0.037823424,0.015838249,0.171006585,0.144948131,0.426069384,0.053048164,60,10,1,11,5,23,20,3,40,79.34911587,52.77,36,0,48,36,3.6,0.36,0.793491159,0.4,4,32,7,21,1.811045553,0.090874409,19.92910411,0.068747608,0.58385198,0.192162809,0.040553613,1.287467044,0.114014325,0.012265213,9.6642,1.228201954,1.918187918,4.47,59.6,14.39696699,44.87218045,14,28,58,Sandy Loam,1.756361594
Ridley,5 - Total,71107,7.37,0,0,0,0.00001,0,0,0,0,1,-0.078706584,,NA,NA,NA,4,,,0,0,0,0,0,NA,NA,NA,NA,NA,2.4,1,,0,,0,1,4,,1.666666667,93.33333333,1.75,64.80357143,21818.85098,20686.83156,1132.019422,0,16.58781311,0.466649385,0.348416239,0,17.40287874,75.01,0.7501,4.68,79.69,NA,NA,NA,NA,NA,NA,62,169,8,3,0,1,12,NA,66.66666667,1,1,15,0.049504951,4.95049505,26.31578947,92,0,0,9,0,9,0,0,169,0,169,78.93043901,4.790616787,0.041225392,0.050547269,0.156301209,0.098130499,0.265240822,0.048837993,70,10,0,10,1,23,20,3,15,100,66.42,5,85,178,89,8.9,0.89,1,0.413793103,8,29,15,6,2.246646537,0.118118505,19.02027575,0.051221547,0.401355885,0.164151605,0.043809732,1.055825787,0.040313947,0.014050315,5.0398,1.245938122,3.443532704,3.56,2000.59,7.907225691,18.91729323,14,28,58,Sandy Loam,1.571090751
Shave Wood,1 - Intact,71108,5.8,59.85,41.75148555,22.96331705,11.48165853,0.595285107,1.072704001,24.63130616,172.4191431,10,0,,65.99,35.38767435,11.77288987,5,,,0,0,7,6,2,1,2,2,2,0,0.8,34,,0,,0,34,0,,NA,NA,4,16.66666667,0,0,0,0,0.427517919,0,0,0,0.427517919,2.184,0.02184,0,2.184,3.571428571,17.14285714,2,36.42857143,14.78571429,85.21428571,71,87,0,0,0,0,0,NA,13.33333333,5,1,0,0.43,43,NA,0,17,0,0,0,17,0,0,0,0,0,78.39620465,8.274221654,0.003041606,0.005708359,0.031802636,0.178121615,0.421420685,0.056128082,0,1,0,1,100,3,1,2,0,0,0,17,0,17,17,1.7,0.17,0,1,0,43,19,24,3.082381092,0.107330432,28.71861248,0.167344694,0.206923998,0.298783853,0.079947797,4.511391585,0.005762262,0.029539581,2.835,1.311801731,3.268035449,4.05,68.5,0.819803747,0,24,26,50,Sandy Clay Loam,1.622699442
Shave Wood,2 - Slight,71108,5.75,49.6,29.16016977,16.03809337,8.019046686,0.571245327,1.034915034,17.64425373,105.8655224,6,-0.026171516,,64.88306148,28.83164191,9.414537469,10,,,0,0,6,5,1,1,2,1,2,0.166666667,0.4,40,,6,,0,46,1,,2,90,2.923076923,24.84615385,87.4959734,0,87.4959734,0,1.356636911,0.007853982,0.096704348,0,1.461195241,6.24,0.0624,1.456,7.696,15,23.33333333,2.166666667,27.5,17,83,69.5,116,0,0,1,0,1,100,28.57142857,5,1,0,0.46,46,NA,0,0,26,0,0,26,0,0,0,0,0,76.73436864,7.694498056,0.004773489,0.005039262,0.062816969,0.239314628,0.438903202,0.138940007,0,1,0,1,99,5,1,4,0,17.13980446,16.82,20,0,26,20,1.95,0.195,0.171398045,1,0,32,18,14,2.721242777,0.123147122,22.09749397,0.163197447,0.516056784,0.530874305,0.078206429,4.985828764,0.021664795,0.025248807,3.245,1.286316122,2.884977302,4.26,57.5,5.226583408,0.992481203,28,28,44,Clay Loam,1.537057929
Shave Wood,3 - Moderate,71108,6.05,31.75,16.80942154,9.245181844,4.622590922,0.772103509,1.344582156,11.36186751,34.08560253,11,-0.038184806,,73.41,26.7668788,13.99086568,9,,,0,0,3,3,1,0,0,2,1,0,0.44,19,,0,,0,19,1,,2,65,3.090909091,50.27272727,12108.85535,11557.46758,551.3877698,0,5.317632325,0,0,0,5.317632325,17.94,0.1794,7.384,25.324,3.333333333,18.33333333,2.333333333,56.66666667,20.16666667,79.83333333,87.77777778,269,15,3,0,2,20,100,26.31578947,5,8,1,0.37254902,37.25490196,NA,10,0,12,2,0,14,0,0,0,0,0,82.83735589,5.859153616,0.002322956,0.006539438,0.021468941,0.154027697,0.366212735,0.104895105,0,60,0,60,40,13,9,4,1,46.9585733,34.67,10,0,14,10,1,0.1,0.469585733,0.153846154,0,48,23,25,2.764258902,0.087420464,31.62027242,0.132138431,0.278261302,0.325734348,0.049218089,2.999097615,0.01904997,0.094845945,3.64,1.2752728,3.74382815,4.24,72.5,0.498661909,0.003,20,27,53,Sandy Clay Loam,1.464765018
Shave Wood,4 - Major,71108,8.05,18.53,9.962653041,5.479459173,2.739729586,0.283218206,0.560127181,6.322804559,25.29121824,7,-0.022559639,,48.57,23.82996841,11.0208787,8,,,0,0,4,1,1,2,1,0,1,1.25,1.88,17,,0,,0,17,2,,1,90,2,45,1199.64988,0,1199.64988,0,2.211541427,0.041674106,0,0,2.253215533,18.928,0.18928,22.828,41.756,0,5,1,1,1.75,98.25,NA,254,69,0,0,3,72,NA,32.14285714,5,10,1,0.057692308,5.769230769,NA,42,0,40,0,0,40,0,0,0,0,0,75.017717,4.88515847,0.0031625,0.005007868,0.034362526,0.247773318,0.21347074,0.028524107,20,40,1,41,55,18,12,6,5,69.04738004,47.89,30,0,40,30,3,0.3,0.6904738,0.125,0,43,17,26,2.558871178,0.089841883,28.48194076,0.083486718,0.204076698,0.194420169,0.038732021,1.897437559,0.009854263,0.058557986,4.8396,1.461424037,3.82267176,4.05,72.7,1.627118644,0.003,16,24,60,Sandy Loam,1.569322836
Shave Wood,5 - Total,71108,5.42,0,0,0,0.00002,0,0,0,0,5,0.014811439,,NA,NA,NA,7,,,0,0,0,0,0,NA,NA,NA,NA,NA,2.13,17,,0,,0,17,0,,NA,NA,2.861111111,10.69444444,0,0,0,0,7.132702413,0.031526511,0.341313046,0,7.505541969,43.784,0.43784,19.968,63.752,NA,NA,NA,NA,NA,NA,56.66666667,78,2,0,0,1,3,100,46.66666667,70,5,15,0.394230769,39.42307692,64,75,9,42,0,0,51,6,0,0,0,6,66.67531536,5.136971904,0.008523686,0.008607031,0.068859189,0.146217058,0.381854987,0.04048583,25,15,2,17,15,25,22,3,15,100,66.42,41,6,57,47,4.65,0.465,1,0.074074074,0,12,8,4,2.56926448,0.138271626,18.58128488,0.102665428,0.997466106,0.509012058,0.061751397,3.385831067,0.029787629,0.06612867,3.8416,1.392195265,3.583654312,4.39,74,15.09277431,2.015037594,22,28,50,Loam,1.793569281
WoodCrates,1 - Intact,71107,5.63,98.39,66.06159853,36.33387919,18.1669396,1.651208361,2.595371269,40.58045882,202.9022941,9,0,,100.1101094,42.40461307,8.248167195,7,,,0,0,5,4,3,1,0,1,1,1.6,3,8,,0,,0,8,18,,1.055555556,63.33333333,2.944444444,10.13888889,15361.48869,0,15361.48869,0,2.36378818,0.012192882,0,0,2.375981062,0.39,0.0039,1.352,1.742,1.666666667,15,2,36.66666667,13.83333333,86.16666667,48.57142857,19,1,0,0,0,1,NA,71.42857143,0,1,0,0.695238095,69.52380952,NA,0,0,32,0,0,32,0,0,46,11,57,72.097149,5.364349735,0.056979856,0.002256628,0.121790907,0.024715315,0.543699187,0.090447154,1,1,0,1,99,10,6,4,0,0,0,24,26,89,50,4.975,0.4975,0,1,0,25,8,17,2.229883515,0.083491916,26.70777745,0.122526059,0.240146606,0.19664747,0.070433367,2.597555575,0.038111878,0.126993851,3.4281,1.26985588,2.516140183,4.17,88.6,7.21587868,4.090225564,19,35,46,Loam,1.373111615
WoodCrates,2 - Slight,71107,7.1,52.12,34.31724672,18.8744857,9.437242848,0.758024178,1.323285187,20.95579506,104.7789753,15,-0.028931273,,72.85922042,34.48165023,10.33390073,10,,,0,0,5,5,1,0,2,2,1,0,3,10,,0,,0,10,4,,1.2,59,3.68,4.68,4665.865127,2912.228116,1753.637011,0,2.385033159,0,0,0,2.385033159,8.71,0.0871,2.54,11.25,1,16,2.8,27,11.7,88.3,68.5,28,2,0,1,0,3,100,60,20,1,0,0.480392157,48.03921569,NA,1,0,31,0,0,31,0,13,0,0,13,74.75800996,4.198006174,0.003808749,0.005078333,0.032900793,0.014587339,0.349593496,0.040650407,1,1,0,1,95,10,6,4,1,47.03204958,14.3,23,10,44,33,3.3,0.33,0.470320496,0.266666667,6,65,20,39,1.721283688,0.059455645,28.95071937,0.13506263,0.13129439,0.221859816,0.059918009,3.530427447,0.019871642,0.136266321,2.6196,1.240320249,2.831170764,4.2,71.3,1.667261374,0.090225564,17,27,56,Sandy Loam,1.468048423
WoodCrates,3 - Moderate,71107,6.3,37.12,24.47775319,13.46276426,6.731382128,1.536859951,2.439419288,17.43904349,34.87808699,13,0.007382389,,97.22615389,40.65074635,12.48471727,16,,,0,0,2,2,2,0,0,0,2,0,3.65,7,,0,,0,7,16,,1,80,3.545454545,0.454545455,15331.37303,0,15331.37303,0,0.58936297,0,0,0,0.58936297,13.26,0.1326,10.53,23.79,5,17.5,3,50,18.875,81.125,52.35294118,65,7,0,0,0,7,NA,46.66666667,30,1,1,0.64,64,22.85714286,0,0,242,0,0,242,0,0,14,0,14,75.11173982,5.325170033,0.005850568,0.002600253,0.048428271,0.017000979,0.5,0.084349593,1,1,2,3,88,19,15,4,10,62.27143113,29.3,182,7,256,189,18.85,1.885,0.622714311,0.461538462,0,44,24,20,2.481012679,0.109053736,22.75036841,0.162236076,0.254969413,0.199243488,0.07392291,2.673781249,0.029427287,0.085251447,3.2262,1.278751563,2.899281575,4.32,92.3,16.63603925,4.436090226,15,25,60,Sandy Loam,1.46745539
WoodCrates,4 - Major,71107,5.1,19.44,10.10231272,5.556271994,2.778135997,1.626608522,2.561953244,9.74483376,9.74483376,5,-0.003770571,,99.5,31.24,11.44563869,2,,,1,0,1,1,1,0,0,0,1,2.428571429,0.75,7,,1,,0,8,3,,1.333333333,60,3.166666667,35.55555556,1357.648952,0,1357.648952,0,11.81636833,0.082131911,0.015132005,0,11.91363224,39.52,0.3952,2.925,42.445,10,15,3,45,18.25,81.75,84,141,2,0,0,2,4,NA,35.71428571,5,1,5,0.33,33,27,14,0,58,15,0,73,0,0,42,0,42,68.93891868,3.980547062,0.009662186,0.004294305,0.086862921,0.025945541,0.557926829,0.070121951,25,10,1,11,50,29,24,5,10,80.24211313,46.98,51,21,115,72,7.2,0.72,0.802421131,0.4,1,23,4,18,1.76876475,0.083236068,21.24997963,0.091258587,0.219783313,0.152815818,0.037397383,2.368703611,0.035770852,0.045195389,2.8188,1.266514821,2.394075253,4.49,59,11.12310437,2.661654135,16,33,51,Loam,1.344786436
WoodCrates,5 - Total,71107,5,0,0,0,0.00003,0,0,0,0,3,-0.057973888,,NA,NA,NA,6,,,1,0,0,0,0,NA,NA,NA,NA,NA,2,7,,0,,0,7,4,,1,22.5,2.296296296,52.59259259,2863.999464,0,2863.999464,0,3.9835755,0.11015149,0,0,4.093726991,48.62,0.4862,3.952,52.572,NA,NA,NA,NA,NA,NA,25.75,105,8,1,0,4,13,NA,35.71428571,5,1,40,0.417475728,41.74757282,33.66336634,45,0,28,13,0,41,44,0,0,0,44,69.14069198,2.53267746,0.01108094,0.000886474,0.070701084,0.026406429,0.680894309,0.114837398,35,1,1,2,5,23,16,7,30,100,66.42,28,44,85,72,7.15,0.715,1,0.344827586,3,23,18,2,1.21975288,0.055749153,21.87930769,0.161819865,0.410021976,0.163044669,0.049559205,1.965389967,0.085795659,0.021994413,3.8308,1.211520758,1.976839688,4.81,69.1,0.917930419,6.917293233,16,25,59,Sandy Loam,1.506177515
